,sum_sq,df,mean_sq,F,PR(>F),eta_sq,omega_sq
C(filename),146.80024994449028,16.0,9.175015621530642,7.556248443280635,1.3771560532727312e-14,0.31329355505533163,0.27112944390191124
Residual,321.77067204132425,265.0,1.2142289510993367,,,,
