,sum_sq,df,mean_sq,F,PR(>F),eta_sq,omega_sq
C(filename),109.5511377368113,16.0,6.846946108550706,4.213744030150789,1.621893916558216e-07,0.15700228093449703,0.11946451348305082
Residual,588.216672289574,362.0,1.6249079345015858,,,,
