,sum_sq,df,mean_sq,F,PR(>F),eta_sq,omega_sq
C(filename),75.15465202519727,16.0,4.697165751574829,2.871442536106472,0.0001571459589338454,0.0790836178511958,0.05145362420664683
Residual,875.164188554513,535.0,1.6358209131860055,,,,
