,sum_sq,df,mean_sq,F,PR(>F),eta_sq,omega_sq
C(filename),169.39638055681857,16.0,10.58727378480116,5.650659508949617,1.359073451428556e-10,0.238921857837045,0.1961214618909979
Residual,539.6068981317064,288.0,1.873635062957314,,,,
