,sum_sq,df,mean_sq,F,PR(>F),eta_sq,omega_sq
C(filename),95.33825764014249,16.0,5.958641102508905,3.0381764285726596,6.935986275725561e-05,0.09319366226124895,0.06239982302485838
Residual,927.6739872578165,473.0,1.9612557870144112,,,,
