,sum_sq,df,mean_sq,F,PR(>F),eta_sq,omega_sq
C(filename),162.82013891736295,16.0,10.176258682335185,5.262851451797715,1.3623218711439575e-10,0.10253902414560825,0.0829544596896858
Residual,1425.0644764672525,737.0,1.933601731977276,,,,
