,sum_sq,df,mean_sq,F,PR(>F),eta_sq,omega_sq
C(filename),56.30164150590415,15.0,3.753442767060277,1.9669409332407495,0.015623823997161354,0.04848630160399963,0.023796580967202937
Residual,1104.8849131159445,579.0,1.9082640986458455,,,,
