,sum_sq,df,mean_sq,F,PR(>F),eta_sq,omega_sq
C(filename),143.64995233832062,16.0,8.978122021145039,4.6466913927299345,1.307963576067827e-08,0.15773316147016392,0.12352582865993833
Residual,767.0650235070901,397.0,1.9321537116047611,,,,
