,sum_sq,df,mean_sq,F,PR(>F),eta_sq,omega_sq
C(filename),128.15632174037708,16.0,8.009770108773568,3.9176197517318343,6.27356535990781e-07,0.12420083628331915,0.0923147823723073
Residual,903.6911728130003,442.0,2.044550164735295,,,,
