,sum_sq,df,mean_sq,F,PR(>F),eta_sq,omega_sq
C(filename),115.25730174715969,15.0,7.683820116477312,5.053315731949471,1.2452511466013032e-08,0.24310391328967773,0.1943727215398828
Residual,358.84984110998306,236.0,1.5205501741948435,,,,
