,sum_sq,df,mean_sq,F,PR(>F),eta_sq,omega_sq
C(filename),118.80748304056198,16.0,7.4254676900351235,4.619635942724647,2.2555211337706484e-08,0.18622205938608072,0.1455443879862477
Residual,519.1807522535554,323.0,1.6073707500110075,,,,
