,sum_sq,df,mean_sq,F,PR(>F),eta_sq,omega_sq
C(filename),74.32628842014098,16.0,4.6453930262588115,3.727230744438511,1.8553698673397518e-06,0.12305262056919626,0.08985272836785567
Residual,529.6940735708093,425.0,1.2463389966371985,,,,
