,sum_sq,df,mean_sq,F,PR(>F),eta_sq,omega_sq
C(filename),80.30745350362766,16.0,5.0192158439767285,2.7768811575223697,0.00023297631581033912,0.05850452675884677,0.0373868664268775
Residual,1292.3633115236948,715.0,1.8075011349981747,,,,
