,sum_sq,df,mean_sq,F,PR(>F),eta_sq,omega_sq
C(filename),147.60638758862484,16.0,9.225399224289053,7.335056166866032,1.2660198614286308e-14,0.2647073727564954,0.2281049007085654
Residual,410.01460366501925,326.0,1.2577135081749056,,,,
