,sum_sq,df,mean_sq,F,PR(>F),eta_sq,omega_sq
C(filename),151.09782925199676,16.0,9.443614328249797,3.92864654938115,4.440278004184205e-07,0.09657761215364027,0.07188424473600474
Residual,1413.42448479759,588.0,2.4037831374108674,,,,
