,sum_sq,df,mean_sq,F,PR(>F),eta_sq,omega_sq
C(filename),121.00377387635822,15.0,8.06691825842388,3.7118862207875414,8.847795708831622e-06,0.21196381554725582,0.15427243858753648
Residual,449.8661812805931,207.0,2.173266576234749,,,,
