,sum_sq,df,mean_sq,F,PR(>F),eta_sq,omega_sq
C(filename),212.317627482759,16.0,13.269851717672438,5.43932701016098,4.4979098742172634e-10,0.23776579714245538,0.19352472756478772
Residual,680.6519671118356,279.0,2.439612785347081,,,,
