,sum_sq,df,mean_sq,F,PR(>F),eta_sq,omega_sq
C(filename),264.0470101673927,16.0,16.502938135462045,7.8466434042551665,1.1331317610478817e-16,0.20698551060835652,0.18030937801043184
Residual,1011.6317046920449,481.0,2.1031844172391785,,,,
