,sum_sq,df,mean_sq,F,PR(>F),eta_sq,omega_sq
C(filename),106.95032860151834,16.0,6.684395537594896,3.440126580841752,7.5522537922680535e-06,0.0965578375824684,0.06836979340251478
Residual,1000.6793706466021,515.0,1.9430667391196157,,,,
