,sum_sq,df,mean_sq,F,PR(>F),eta_sq,omega_sq
C(filename),142.22082977713796,16.0,8.888801861071123,3.7570203843891012,1.0011383069757537e-06,0.07579295412291899,0.055549227354368874
Residual,1734.2178368895288,733.0,2.3659179220866697,,,,
